cluster,count,mean,median,std
0,125,197.392,198.0,67.68605135762536
1,159,160.44025157232704,146.0,79.2759633782937
2,158,107.96835443037975,94.0,55.56512457119512
